{"count":1,"self":650.1319168,"total":2555.1267124,"children":{"InitializeActuators":{"count":3,"self":0.0030012,"total":0.0030012,"children":null},"InitializeSensors":{"count":3,"self":0.0040038,"total":0.0040038,"children":null},"AgentSendState":{"count":914151,"self":79.5376192,"total":287.77115879999997,"children":{"CollectObservations":{"count":548493,"self":2.3077783999999997,"total":2.3077785,"children":null},"WriteActionMask":{"count":548493,"self":0.691298,"total":0.691298,"children":null},"RequestDecision":{"count":548493,"self":3.3553319999999998,"total":205.2344607,"children":{"AgentInfo.ToProto":{"count":548493,"self":4.0845,"total":201.8791286,"children":{"GenerateSensorData":{"count":548493,"self":194.5708928,"total":197.79462859999998,"children":{"RayPerceptionSensor.Perceive":{"count":1645479,"self":3.2237304,"total":3.2237302999999997,"children":null}}}}}}}}},"DecideAction":{"count":914151,"self":1601.5068159999998,"total":1601.5067652999999,"children":null},"AgentAct":{"count":914151,"self":12.601833599999999,"total":12.6358325,"children":{"AgentInfo.ToProto":{"count":92,"self":0,"total":0.033998799999999996,"children":{"GenerateSensorData":{"count":92,"self":0.033998799999999996,"total":0.033998799999999996,"children":{"RayPerceptionSensor.Perceive":{"count":276,"self":0,"total":0,"children":null}}}}}}},"AgentInfo.ToProto":{"count":6943,"self":0.0899942,"total":3.0740187999999997,"children":{"GenerateSensorData":{"count":6943,"self":2.9390359999999998,"total":2.9840245999999997,"children":{"RayPerceptionSensor.Perceive":{"count":20829,"self":0.0449887,"total":0.0449887,"children":null}}}}}},"gauges":{"Wander.CumulativeReward":{"count":7035,"max":1.99980009,"min":-0.99994123,"runningAverage":0.9144347,"value":0.9818,"weightedAverage":0.974474967}},"metadata":{"timer_format_version":"0.1.0","start_time_seconds":"1671481959","unity_version":"2021.3.11f1","command_line_arguments":"C:\\Program Files\\Unity\\Hub\\Editor\\2021.3.11f1\\Editor\\Unity.exe -projectpath C:\\Users\\Robert Recordà Illas\\Documents\\GitHub\\AI-Project -useHub -hubIPC -cloudEnvironment production -licensingIpc LicenseClient-Robert Recordà Illas -hubSessionId e8a64aa0-7f8a-11ed-b746-3d27729a9450 -accessToken 6ElG-tBFZGD2MyTCxjeThK10au-heeYW0XUrFKBKnEw006f","communication_protocol_version":"1.5.0","com.unity.ml-agents_version":"2.2.1-exp.1","scene_name":"ML_TRAINING_GROUND","end_time_seconds":"1671484514"}}