{
    "name": "root",
    "metadata": {
        "timer_format_version": "0.1.0",
        "start_time_seconds": "1671560235",
        "python_version": "3.6.13 |Anaconda, Inc.| (default, Mar 16 2021, 11:37:27) [MSC v.1916 64 bit (AMD64)]",
        "command_line_arguments": "C:\\Anaconda3\\envs\\ml_citm\\Scripts\\mlagents-learn config/ML_Wander.yaml --run-id=WanderGround --force",
        "mlagents_version": "0.28.0",
        "mlagents_envs_version": "0.28.0",
        "communication_protocol_version": "1.5.0",
        "pytorch_version": "1.10.2+cpu",
        "numpy_version": "1.19.5",
        "end_time_seconds": "1671567168"
    },
    "total": 6933.5306964,
    "count": 1,
    "self": 0.026090800000019954,
    "children": {
        "run_training.setup": {
            "total": 0.08494510000000001,
            "count": 1,
            "self": 0.08494510000000001
        },
        "TrainerController.start_learning": {
            "total": 6933.4196605,
            "count": 1,
            "self": 9.261771900240092,
            "children": {
                "TrainerController._reset_env": {
                    "total": 12.4503722,
                    "count": 1,
                    "self": 12.4503722
                },
                "TrainerController.advance": {
                    "total": 6911.52060619976,
                    "count": 225634,
                    "self": 4.7300405996866175,
                    "children": {
                        "env_step": {
                            "total": 6906.790565600073,
                            "count": 225634,
                            "self": 6336.1063422,
                            "children": {
                                "SubprocessEnvManager._take_step": {
                                    "total": 566.0799464000291,
                                    "count": 225635,
                                    "self": 17.476664200020764,
                                    "children": {
                                        "TorchPolicy.evaluate": {
                                            "total": 548.6032822000084,
                                            "count": 206938,
                                            "self": 145.1716331000825,
                                            "children": {
                                                "TorchPolicy.sample_actions": {
                                                    "total": 403.4316490999259,
                                                    "count": 206938,
                                                    "self": 403.4316490999259
                                                }
                                            }
                                        }
                                    }
                                },
                                "workers": {
                                    "total": 4.604277000044309,
                                    "count": 225633,
                                    "self": 0.0,
                                    "children": {
                                        "worker_root": {
                                            "total": 6832.631967900078,
                                            "count": 225633,
                                            "is_parallel": true,
                                            "self": 4815.739079799978,
                                            "children": {
                                                "steps_from_proto": {
                                                    "total": 0.0011320999999999998,
                                                    "count": 2,
                                                    "is_parallel": true,
                                                    "self": 0.0003891999999999999,
                                                    "children": {
                                                        "_process_rank_one_or_two_observation": {
                                                            "total": 0.0007428999999999999,
                                                            "count": 16,
                                                            "is_parallel": true,
                                                            "self": 0.0007428999999999999
                                                        }
                                                    }
                                                },
                                                "UnityEnvironment.step": {
                                                    "total": 2016.8917560001003,
                                                    "count": 225633,
                                                    "is_parallel": true,
                                                    "self": 42.72826220039019,
                                                    "children": {
                                                        "UnityEnvironment._generate_step_input": {
                                                            "total": 31.885207199918593,
                                                            "count": 225633,
                                                            "is_parallel": true,
                                                            "self": 31.885207199918593
                                                        },
                                                        "communicator.exchange": {
                                                            "total": 1759.8563874998626,
                                                            "count": 225633,
                                                            "is_parallel": true,
                                                            "self": 1759.8563874998626
                                                        },
                                                        "steps_from_proto": {
                                                            "total": 182.42189909992896,
                                                            "count": 225633,
                                                            "is_parallel": true,
                                                            "self": 62.07908619975467,
                                                            "children": {
                                                                "_process_rank_one_or_two_observation": {
                                                                    "total": 120.3428129001743,
                                                                    "count": 1805064,
                                                                    "is_parallel": true,
                                                                    "self": 120.3428129001743
                                                                }
                                                            }
                                                        }
                                                    }
                                                }
                                            }
                                        }
                                    }
                                }
                            }
                        }
                    }
                },
                "TrainerController._save_models": {
                    "total": 0.18691020000005665,
                    "count": 1,
                    "self": 0.011245900000176334,
                    "children": {
                        "RLTrainer._checkpoint": {
                            "total": 0.1756642999998803,
                            "count": 1,
                            "self": 0.1756642999998803
                        }
                    }
                }
            }
        }
    }
}