{
    "name": "root",
    "metadata": {
        "timer_format_version": "0.1.0",
        "start_time_seconds": "1671668030",
        "python_version": "3.6.13 |Anaconda, Inc.| (default, Mar 16 2021, 11:37:27) [MSC v.1916 64 bit (AMD64)]",
        "command_line_arguments": "C:\\Anaconda3\\envs\\ml_citm\\Scripts\\mlagents-learn config/ML_Wander_SAC.yaml --run-id=Wander --resume",
        "mlagents_version": "0.28.0",
        "mlagents_envs_version": "0.28.0",
        "communication_protocol_version": "1.5.0",
        "pytorch_version": "1.10.2+cpu",
        "numpy_version": "1.19.5",
        "end_time_seconds": "1671669072"
    },
    "total": 1042.1573859,
    "count": 1,
    "self": 0.008765100000118764,
    "children": {
        "run_training.setup": {
            "total": 0.0887907,
            "count": 1,
            "self": 0.0887907
        },
        "TrainerController.start_learning": {
            "total": 1042.0598301,
            "count": 1,
            "self": 1.4884710000021641,
            "children": {
                "TrainerController._reset_env": {
                    "total": 6.8489692,
                    "count": 1,
                    "self": 6.8489692
                },
                "TrainerController.advance": {
                    "total": 1033.5348899999979,
                    "count": 35788,
                    "self": 0.6880177999903481,
                    "children": {
                        "env_step": {
                            "total": 1032.8468722000075,
                            "count": 35788,
                            "self": 928.4729721000128,
                            "children": {
                                "SubprocessEnvManager._take_step": {
                                    "total": 103.65730379999596,
                                    "count": 35788,
                                    "self": 2.7530480999943165,
                                    "children": {
                                        "TorchPolicy.evaluate": {
                                            "total": 100.90425570000164,
                                            "count": 32881,
                                            "self": 22.669750200003136,
                                            "children": {
                                                "TorchPolicy.sample_actions": {
                                                    "total": 78.2345054999985,
                                                    "count": 32881,
                                                    "self": 78.2345054999985
                                                }
                                            }
                                        }
                                    }
                                },
                                "workers": {
                                    "total": 0.7165962999987485,
                                    "count": 35787,
                                    "self": 0.0,
                                    "children": {
                                        "worker_root": {
                                            "total": 970.8325328000043,
                                            "count": 35787,
                                            "is_parallel": true,
                                            "self": 588.7261073000006,
                                            "children": {
                                                "steps_from_proto": {
                                                    "total": 0.001064,
                                                    "count": 1,
                                                    "is_parallel": true,
                                                    "self": 0.0003340000000000001,
                                                    "children": {
                                                        "_process_rank_one_or_two_observation": {
                                                            "total": 0.00073,
                                                            "count": 8,
                                                            "is_parallel": true,
                                                            "self": 0.00073
                                                        }
                                                    }
                                                },
                                                "UnityEnvironment.step": {
                                                    "total": 382.10536150000365,
                                                    "count": 35787,
                                                    "is_parallel": true,
                                                    "self": 8.197270899997193,
                                                    "children": {
                                                        "UnityEnvironment._generate_step_input": {
                                                            "total": 6.166184900008341,
                                                            "count": 35787,
                                                            "is_parallel": true,
                                                            "self": 6.166184900008341
                                                        },
                                                        "communicator.exchange": {
                                                            "total": 333.7583198000042,
                                                            "count": 35787,
                                                            "is_parallel": true,
                                                            "self": 333.7583198000042
                                                        },
                                                        "steps_from_proto": {
                                                            "total": 33.98358589999393,
                                                            "count": 35787,
                                                            "is_parallel": true,
                                                            "self": 9.841939999993329,
                                                            "children": {
                                                                "_process_rank_one_or_two_observation": {
                                                                    "total": 24.141645900000604,
                                                                    "count": 286296,
                                                                    "is_parallel": true,
                                                                    "self": 24.141645900000604
                                                                }
                                                            }
                                                        }
                                                    }
                                                }
                                            }
                                        }
                                    }
                                }
                            }
                        }
                    }
                },
                "TrainerController._save_models": {
                    "total": 0.18749989999992067,
                    "count": 1,
                    "self": 0.014670399999886286,
                    "children": {
                        "RLTrainer._checkpoint": {
                            "total": 0.1728295000000344,
                            "count": 1,
                            "self": 0.1728295000000344
                        }
                    }
                }
            }
        }
    }
}