{
    "name": "root",
    "gauges": {
        "Wander.Policy.Entropy.mean": {
            "value": 0.10383818298578262,
            "min": 0.10383818298578262,
            "max": 0.10383818298578262,
            "count": 1
        },
        "Wander.Policy.Entropy.sum": {
            "value": 822.3984375,
            "min": 822.3984375,
            "max": 822.3984375,
            "count": 1
        },
        "Wander.Step.mean": {
            "value": 2439972.0,
            "min": 2439972.0,
            "max": 2439972.0,
            "count": 1
        },
        "Wander.Step.sum": {
            "value": 2439972.0,
            "min": 2439972.0,
            "max": 2439972.0,
            "count": 1
        },
        "Wander.Policy.ExtrinsicValueEstimate.mean": {
            "value": 0.13882596790790558,
            "min": 0.13882596790790558,
            "max": 0.13882596790790558,
            "count": 1
        },
        "Wander.Policy.ExtrinsicValueEstimate.sum": {
            "value": 8.607210159301758,
            "min": 8.607210159301758,
            "max": 8.607210159301758,
            "count": 1
        },
        "Wander.Policy.CuriosityValueEstimate.mean": {
            "value": 0.09538021683692932,
            "min": 0.09538021683692932,
            "max": 0.09538021683692932,
            "count": 1
        },
        "Wander.Policy.CuriosityValueEstimate.sum": {
            "value": 5.913573265075684,
            "min": 5.913573265075684,
            "max": 5.913573265075684,
            "count": 1
        },
        "Wander.Losses.PolicyLoss.mean": {
            "value": 0.06428530349273752,
            "min": 0.06428530349273752,
            "max": 0.06428530349273752,
            "count": 1
        },
        "Wander.Losses.PolicyLoss.sum": {
            "value": 0.19285591047821254,
            "min": 0.19285591047821254,
            "max": 0.19285591047821254,
            "count": 1
        },
        "Wander.Losses.ValueLoss.mean": {
            "value": 0.00997726372583639,
            "min": 0.00997726372583639,
            "max": 0.00997726372583639,
            "count": 1
        },
        "Wander.Losses.ValueLoss.sum": {
            "value": 0.02993179117750917,
            "min": 0.02993179117750917,
            "max": 0.02993179117750917,
            "count": 1
        },
        "Wander.Policy.LearningRate.mean": {
            "value": 0.00022689854436715997,
            "min": 0.00022689854436715997,
            "max": 0.00022689854436715997,
            "count": 1
        },
        "Wander.Policy.LearningRate.sum": {
            "value": 0.0006806956331014799,
            "min": 0.0006806956331014799,
            "max": 0.0006806956331014799,
            "count": 1
        },
        "Wander.Policy.Epsilon.mean": {
            "value": 0.17563284,
            "min": 0.17563284,
            "max": 0.17563284,
            "count": 1
        },
        "Wander.Policy.Epsilon.sum": {
            "value": 0.52689852,
            "min": 0.52689852,
            "max": 0.52689852,
            "count": 1
        },
        "Wander.Policy.Beta.mean": {
            "value": 0.007565720716,
            "min": 0.007565720716,
            "max": 0.007565720716,
            "count": 1
        },
        "Wander.Policy.Beta.sum": {
            "value": 0.022697162148,
            "min": 0.022697162148,
            "max": 0.022697162148,
            "count": 1
        },
        "Wander.Losses.CuriosityForwardLoss.mean": {
            "value": 0.001749220293047491,
            "min": 0.001749220293047491,
            "max": 0.001749220293047491,
            "count": 1
        },
        "Wander.Losses.CuriosityForwardLoss.sum": {
            "value": 0.005247660879142473,
            "min": 0.005247660879142473,
            "max": 0.005247660879142473,
            "count": 1
        },
        "Wander.Losses.CuriosityInverseLoss.mean": {
            "value": 0.009578848769048536,
            "min": 0.009578848769048536,
            "max": 0.009578848769048536,
            "count": 1
        },
        "Wander.Losses.CuriosityInverseLoss.sum": {
            "value": 0.028736546307145606,
            "min": 0.028736546307145606,
            "max": 0.028736546307145606,
            "count": 1
        },
        "Wander.Environment.EpisodeLength.mean": {
            "value": 999.0,
            "min": 999.0,
            "max": 999.0,
            "count": 1
        },
        "Wander.Environment.EpisodeLength.sum": {
            "value": 5994.0,
            "min": 5994.0,
            "max": 5994.0,
            "count": 1
        },
        "Wander.Environment.CumulativeReward.mean": {
            "value": -1.0000000521540642,
            "min": -1.0000000521540642,
            "max": -1.0000000521540642,
            "count": 1
        },
        "Wander.Environment.CumulativeReward.sum": {
            "value": -6.000000312924385,
            "min": -6.000000312924385,
            "max": -6.000000312924385,
            "count": 1
        },
        "Wander.Policy.ExtrinsicReward.mean": {
            "value": -1.0000000521540642,
            "min": -1.0000000521540642,
            "max": -1.0000000521540642,
            "count": 1
        },
        "Wander.Policy.ExtrinsicReward.sum": {
            "value": -6.000000312924385,
            "min": -6.000000312924385,
            "max": -6.000000312924385,
            "count": 1
        },
        "Wander.Policy.CuriosityReward.mean": {
            "value": 0.010608592815212129,
            "min": 0.010608592815212129,
            "max": 0.010608592815212129,
            "count": 1
        },
        "Wander.Policy.CuriosityReward.sum": {
            "value": 0.06365155689127278,
            "min": 0.06365155689127278,
            "max": 0.06365155689127278,
            "count": 1
        },
        "Wander.IsTraining.mean": {
            "value": 1.0,
            "min": 1.0,
            "max": 1.0,
            "count": 1
        },
        "Wander.IsTraining.sum": {
            "value": 1.0,
            "min": 1.0,
            "max": 1.0,
            "count": 1
        }
    },
    "metadata": {
        "timer_format_version": "0.1.0",
        "start_time_seconds": "1671476137",
        "python_version": "3.6.13 |Anaconda, Inc.| (default, Mar 16 2021, 11:37:27) [MSC v.1916 64 bit (AMD64)]",
        "command_line_arguments": "C:\\Anaconda3\\envs\\ml_citm\\Scripts\\mlagents-learn config/ML_Wander.yaml --run-id=Wander --resume",
        "mlagents_version": "0.28.0",
        "mlagents_envs_version": "0.28.0",
        "communication_protocol_version": "1.5.0",
        "pytorch_version": "1.10.2+cpu",
        "numpy_version": "1.19.5",
        "end_time_seconds": "1671476210"
    },
    "total": 72.9314431,
    "count": 1,
    "self": 0.008728300000015565,
    "children": {
        "run_training.setup": {
            "total": 0.09670509999999999,
            "count": 1,
            "self": 0.09670509999999999
        },
        "TrainerController.start_learning": {
            "total": 72.82600969999999,
            "count": 1,
            "self": 0.11613639999993097,
            "children": {
                "TrainerController._reset_env": {
                    "total": 6.7893061,
                    "count": 1,
                    "self": 6.7893061
                },
                "TrainerController.advance": {
                    "total": 65.71265780000006,
                    "count": 4717,
                    "self": 0.11848370000005559,
                    "children": {
                        "env_step": {
                            "total": 50.061340700000066,
                            "count": 4717,
                            "self": 43.90921000000012,
                            "children": {
                                "SubprocessEnvManager._take_step": {
                                    "total": 6.07700370000017,
                                    "count": 4717,